{"cameraMode":{"drawMode":0,"name":"Shaded","section":"Shading Mode"},"sceneLighting":false,"audioPlay":false,"sceneViewState":{"showFog":true,"showMaterialUpdate":false,"showSkybox":true,"showFlares":true,"showImageEffects":true,"showParticleSystems":true},"in2DMode":false,"pivot":{"x":1.2845687866210938,"y":13.425220489501954,"z":4.642309188842773},"rotation":{"x":0.0330013707280159,"y":0.9665482044219971,"z":-0.19423145055770875,"w":0.1642245352268219},"size":1.371466875076294,"orthographic":false}