{"cameraMode":{"drawMode":0,"name":"Shaded","section":"Shading Mode"},"sceneLighting":true,"audioPlay":false,"sceneViewState":{"showFog":true,"showMaterialUpdate":false,"showSkybox":true,"showFlares":true,"showImageEffects":true,"showParticleSystems":true},"in2DMode":false,"pivot":{"x":-2.3103771209716799,"y":22.66335105895996,"z":3.555616617202759},"rotation":{"x":-0.30941906571388247,"y":0.5951671600341797,"z":-0.26600635051727297,"w":-0.6922979950904846},"size":10.424067497253418,"orthographic":false}