{"cameraMode":{"drawMode":0,"name":"Shaded","section":"Shading Mode"},"sceneLighting":false,"audioPlay":false,"sceneViewState":{"showFog":true,"showMaterialUpdate":false,"showSkybox":true,"showFlares":true,"showImageEffects":true,"showParticleSystems":true},"in2DMode":false,"pivot":{"x":-2.531500816345215,"y":7.971527099609375,"z":5.7436065673828129},"rotation":{"x":0.00562269939109683,"y":0.9514667987823486,"z":-0.3072068691253662,"w":0.01741599664092064},"size":25.691896438598634,"orthographic":false}