{"cameraMode":{"drawMode":0,"name":"Shaded","section":"Shading Mode"},"sceneLighting":false,"audioPlay":false,"sceneViewState":{"showFog":true,"showMaterialUpdate":false,"showSkybox":true,"showFlares":true,"showImageEffects":true,"showParticleSystems":true},"in2DMode":false,"pivot":{"x":1.6752732992172242,"y":12.720626831054688,"z":3.0999999046325685},"rotation":{"x":-0.6025525331497192,"y":-0.013887030072510243,"z":0.010487180203199387,"w":-0.7978895306587219},"size":2.857883930206299,"orthographic":false}